api,category,priority,implemented,tested,action
nppiAlphaComp_16u_AC4R,Color/Alpha,P1,no,no,implement
nppiAlphaComp_16u_AC4R_Ctx,Color/Alpha,P1,no,no,implement
nppiAlphaComp_32f_AC4R,Color/Alpha,P1,no,no,implement
nppiAlphaComp_32f_AC4R_Ctx,Color/Alpha,P1,no,no,implement
nppiAlphaComp_32s_AC4R,Color/Alpha,P1,no,no,implement
nppiAlphaComp_32s_AC4R_Ctx,Color/Alpha,P1,no,no,implement
nppiAlphaComp_8u_AC4R,Color/Alpha,P1,no,no,implement
nppiAlphaComp_8u_AC4R_Ctx,Color/Alpha,P1,no,no,implement
nppiAlphaPremul_16u_AC4R,Color/Alpha,P1,yes,yes,done
nppiAlphaPremul_16u_AC4R_Ctx,Color/Alpha,P1,yes,no,add_test
nppiAlphaPremul_8u_AC4R,Color/Alpha,P1,yes,yes,done
nppiAlphaPremul_8u_AC4R_Ctx,Color/Alpha,P1,yes,no,add_test
nppiAndC_16u_C3R,Logical/Bitwise,P1,yes,no,add_test
nppiAndC_16u_C3R_Ctx,Logical/Bitwise,P1,yes,yes,done
nppiAndC_16u_C4R,Logical/Bitwise,P1,yes,no,add_test
nppiAndC_16u_C4R_Ctx,Logical/Bitwise,P1,yes,yes,done
nppiAndC_32s_C3R,Logical/Bitwise,P1,yes,no,add_test
nppiAndC_32s_C3R_Ctx,Logical/Bitwise,P1,yes,yes,done
nppiAndC_32s_C4R,Logical/Bitwise,P1,yes,no,add_test
nppiAndC_32s_C4R_Ctx,Logical/Bitwise,P1,yes,yes,done
nppiAndC_8u_C3R,Logical/Bitwise,P1,yes,yes,done
nppiAndC_8u_C3R_Ctx,Logical/Bitwise,P1,yes,yes,done
nppiDilate_32f_C1R,Filtering/Morphology,P0,yes,yes,done
nppiDilate_32f_C1R_Ctx,Filtering/Morphology,P0,yes,yes,done
nppiDilate_32f_C4R,Filtering/Morphology,P0,yes,yes,done
nppiDilate_32f_C4R_Ctx,Filtering/Morphology,P0,yes,yes,done
nppiDilate_8u_C1R,Filtering/Morphology,P0,yes,yes,done
nppiDilate_8u_C1R_Ctx,Filtering/Morphology,P0,yes,yes,done
nppiDilate_8u_C4R,Filtering/Morphology,P0,yes,yes,done
nppiDilate_8u_C4R_Ctx,Filtering/Morphology,P0,yes,yes,done
nppiErode_32f_C1R,Filtering/Morphology,P0,yes,yes,done
nppiErode_32f_C1R_Ctx,Filtering/Morphology,P0,yes,yes,done
nppiErode_32f_C4R,Filtering/Morphology,P0,yes,yes,done
nppiErode_32f_C4R_Ctx,Filtering/Morphology,P0,yes,yes,done
nppiErode_8u_C1R,Filtering/Morphology,P0,yes,yes,done
nppiErode_8u_C1R_Ctx,Filtering/Morphology,P0,yes,yes,done
nppiErode_8u_C4R,Filtering/Morphology,P0,yes,yes,done
nppiErode_8u_C4R_Ctx,Filtering/Morphology,P0,yes,yes,done
nppiEvenLevelsHost_32s,Other,P2,yes,yes,done
nppiFilterBox_32f_C1R,Filtering/Morphology,P0,yes,yes,done
nppiFilterBox_32f_C1R_Ctx,Filtering/Morphology,P0,yes,no,add_test
nppiFilterBox_8u_C1R,Filtering/Morphology,P0,yes,yes,done
nppiFilterBox_8u_C1R_Ctx,Filtering/Morphology,P0,yes,no,add_test
nppiFilterBox_8u_C4R,Filtering/Morphology,P0,yes,yes,done
nppiFilterBox_8u_C4R_Ctx,Filtering/Morphology,P0,yes,no,add_test
nppiFilterMax_8u_C1R,Filtering/MinMax,P1,no,no,implement
nppiFilterMax_8u_C1R_Ctx,Filtering/MinMax,P1,no,no,implement
nppiFilterMax_8u_C4R,Filtering/MinMax,P1,no,no,implement
nppiFilterMax_8u_C4R_Ctx,Filtering/MinMax,P1,no,no,implement
nppiFilterMin_8u_C1R,Filtering/MinMax,P1,no,no,implement
nppiFilterMin_8u_C1R_Ctx,Filtering/MinMax,P1,no,no,implement
nppiFilterMin_8u_C4R,Filtering/MinMax,P1,no,no,implement
nppiFilterMin_8u_C4R_Ctx,Filtering/MinMax,P1,no,no,implement
nppiGammaFwd_8u_AC4IR,Color/Gamma,P1,no,no,implement
nppiGammaFwd_8u_AC4IR_Ctx,Color/Gamma,P1,no,no,implement
nppiGammaFwd_8u_AC4R,Color/Gamma,P1,no,no,implement
nppiGammaFwd_8u_AC4R_Ctx,Color/Gamma,P1,no,no,implement
nppiGammaFwd_8u_C3IR,Color/Gamma,P1,no,no,implement
nppiGammaFwd_8u_C3IR_Ctx,Color/Gamma,P1,no,no,implement
nppiGammaFwd_8u_C3R,Color/Gamma,P1,no,no,implement
nppiGammaFwd_8u_C3R_Ctx,Color/Gamma,P1,no,no,implement
nppiGammaInv_8u_AC4IR,Color/Gamma,P1,no,no,implement
nppiGammaInv_8u_AC4IR_Ctx,Color/Gamma,P1,no,no,implement
nppiGammaInv_8u_AC4R,Color/Gamma,P1,no,no,implement
nppiGammaInv_8u_AC4R_Ctx,Color/Gamma,P1,no,no,implement
nppiGammaInv_8u_C3IR,Color/Gamma,P1,no,no,implement
nppiGammaInv_8u_C3IR_Ctx,Color/Gamma,P1,no,no,implement
nppiGammaInv_8u_C3R,Color/Gamma,P1,no,no,implement
nppiGammaInv_8u_C3R_Ctx,Color/Gamma,P1,no,no,implement
nppiGraphcut8_32f8u,Segmentation/Graphcut,P2,no,no,implement
nppiGraphcut8_32s8u,Segmentation/Graphcut,P2,no,no,implement
nppiGraphcut_32f8u,Segmentation/Graphcut,P2,no,no,implement
nppiGraphcut_32s8u,Segmentation/Graphcut,P2,no,no,implement
nppiHistogramEvenGetBufferSize_16s_C1R,Histogram,P1,yes,yes,done
nppiHistogramEvenGetBufferSize_16s_C1R_Ctx,Histogram,P1,yes,yes,done
nppiHistogramEvenGetBufferSize_16s_C4R,Histogram,P1,yes,no,add_test
nppiHistogramEvenGetBufferSize_16s_C4R_Ctx,Histogram,P1,yes,no,add_test
nppiHistogramEvenGetBufferSize_16u_C1R,Histogram,P1,yes,yes,done
nppiHistogramEvenGetBufferSize_16u_C1R_Ctx,Histogram,P1,yes,yes,done
nppiHistogramEvenGetBufferSize_16u_C4R,Histogram,P1,yes,no,add_test
nppiHistogramEvenGetBufferSize_16u_C4R_Ctx,Histogram,P1,yes,no,add_test
nppiHistogramEvenGetBufferSize_8u_C1R,Histogram,P1,yes,yes,done
nppiHistogramEvenGetBufferSize_8u_C1R_Ctx,Histogram,P1,yes,yes,done
nppiHistogramEvenGetBufferSize_8u_C4R,Histogram,P1,yes,yes,done
nppiHistogramEvenGetBufferSize_8u_C4R_Ctx,Histogram,P1,yes,no,add_test
nppiHistogramEven_16s_C1R,Histogram,P1,yes,yes,done
nppiHistogramEven_16s_C1R_Ctx,Histogram,P1,yes,no,add_test
nppiHistogramEven_16s_C4R,Histogram,P1,no,no,implement
nppiHistogramEven_16s_C4R_Ctx,Histogram,P1,no,no,implement
nppiHistogramEven_16u_C1R,Histogram,P1,yes,yes,done
nppiHistogramEven_16u_C1R_Ctx,Histogram,P1,yes,yes,done
nppiHistogramEven_16u_C4R,Histogram,P1,no,no,implement
nppiHistogramEven_16u_C4R_Ctx,Histogram,P1,no,no,implement
nppiHistogramEven_8u_C1R,Histogram,P1,yes,yes,done
nppiHistogramEven_8u_C1R_Ctx,Histogram,P1,yes,no,add_test
nppiHistogramEven_8u_C4R,Histogram,P1,yes,yes,done
nppiHistogramEven_8u_C4R_Ctx,Histogram,P1,yes,yes,done
nppiHistogramRangeGetBufferSize_16s_C1R,Histogram,P1,no,no,implement
nppiHistogramRangeGetBufferSize_16s_C1R_Ctx,Histogram,P1,no,no,implement
nppiHistogramRangeGetBufferSize_16s_C4R,Histogram,P1,yes,no,add_test
nppiHistogramRangeGetBufferSize_16s_C4R_Ctx,Histogram,P1,yes,no,add_test
nppiHistogramRangeGetBufferSize_16u_C1R,Histogram,P1,no,no,implement
nppiHistogramRangeGetBufferSize_16u_C1R_Ctx,Histogram,P1,no,no,implement
nppiHistogramRangeGetBufferSize_16u_C4R,Histogram,P1,yes,no,add_test
nppiHistogramRangeGetBufferSize_16u_C4R_Ctx,Histogram,P1,yes,no,add_test
nppiHistogramRangeGetBufferSize_32f_C1R,Histogram,P1,yes,yes,done
nppiHistogramRangeGetBufferSize_32f_C1R_Ctx,Histogram,P1,yes,yes,done
nppiHistogramRangeGetBufferSize_32f_C4R,Histogram,P1,yes,no,add_test
nppiHistogramRangeGetBufferSize_32f_C4R_Ctx,Histogram,P1,yes,no,add_test
nppiHistogramRangeGetBufferSize_8u_C1R,Histogram,P1,yes,yes,done
nppiHistogramRangeGetBufferSize_8u_C1R_Ctx,Histogram,P1,yes,yes,done
nppiHistogramRangeGetBufferSize_8u_C4R,Histogram,P1,yes,no,add_test
nppiHistogramRangeGetBufferSize_8u_C4R_Ctx,Histogram,P1,yes,no,add_test
nppiHistogramRange_16s_C1R,Histogram,P1,no,no,implement
nppiHistogramRange_16s_C1R_Ctx,Histogram,P1,no,no,implement
nppiHistogramRange_16s_C4R,Histogram,P1,no,no,implement
nppiHistogramRange_16s_C4R_Ctx,Histogram,P1,no,no,implement
nppiHistogramRange_16u_C1R,Histogram,P1,no,no,implement
nppiHistogramRange_16u_C1R_Ctx,Histogram,P1,no,no,implement
nppiHistogramRange_16u_C4R,Histogram,P1,no,no,implement
nppiHistogramRange_16u_C4R_Ctx,Histogram,P1,no,no,implement
nppiHistogramRange_32f_C1R,Histogram,P1,yes,yes,done
nppiHistogramRange_32f_C1R_Ctx,Histogram,P1,yes,no,add_test
nppiHistogramRange_32f_C4R,Histogram,P1,no,no,implement
nppiHistogramRange_32f_C4R_Ctx,Histogram,P1,no,no,implement
nppiHistogramRange_8u_C1R,Histogram,P1,yes,yes,done
nppiHistogramRange_8u_C1R_Ctx,Histogram,P1,yes,yes,done
nppiHistogramRange_8u_C4R,Histogram,P1,no,no,implement
nppiHistogramRange_8u_C4R_Ctx,Histogram,P1,no,no,implement
nppiLShiftC_16u_C1R,Logical/Bitwise,P1,yes,yes,done
nppiLShiftC_16u_C1R_Ctx,Logical/Bitwise,P1,yes,no,add_test
nppiLShiftC_16u_C3R,Logical/Bitwise,P1,no,no,implement
nppiLShiftC_16u_C3R_Ctx,Logical/Bitwise,P1,yes,no,add_test
nppiLShiftC_16u_C4R,Logical/Bitwise,P1,no,no,implement
nppiLShiftC_16u_C4R_Ctx,Logical/Bitwise,P1,yes,no,add_test
nppiLShiftC_32s_C1R,Logical/Bitwise,P1,yes,no,add_test
nppiLShiftC_32s_C1R_Ctx,Logical/Bitwise,P1,yes,no,add_test
nppiLShiftC_32s_C3R,Logical/Bitwise,P1,no,no,implement
nppiLShiftC_32s_C3R_Ctx,Logical/Bitwise,P1,yes,no,add_test
nppiLShiftC_32s_C4R,Logical/Bitwise,P1,no,no,implement
nppiLShiftC_32s_C4R_Ctx,Logical/Bitwise,P1,yes,no,add_test
nppiLShiftC_8u_C1R,Logical/Bitwise,P1,yes,yes,done
nppiLShiftC_8u_C1R_Ctx,Logical/Bitwise,P1,yes,no,add_test
nppiLShiftC_8u_C3R,Logical/Bitwise,P1,no,no,implement
nppiLShiftC_8u_C3R_Ctx,Logical/Bitwise,P1,yes,no,add_test
nppiLShiftC_8u_C4R,Logical/Bitwise,P1,no,no,implement
nppiLShiftC_8u_C4R_Ctx,Logical/Bitwise,P1,yes,no,add_test
nppiMagnitudeSqr_32fc32f_C1R,Arithmetic/Magnitude,P1,yes,no,add_test
nppiMagnitudeSqr_32fc32f_C1R_Ctx,Arithmetic/Magnitude,P1,yes,no,add_test
nppiMagnitude_32fc32f_C1R,Arithmetic/Magnitude,P1,yes,yes,done
nppiMagnitude_32fc32f_C1R_Ctx,Arithmetic/Magnitude,P1,yes,no,add_test
nppiMeanStdDevGetBufferHostSize_32f_C1MR,Statistics,P1,yes,yes,done
nppiMeanStdDevGetBufferHostSize_32f_C1MR_Ctx,Statistics,P1,yes,yes,done
nppiMeanStdDevGetBufferHostSize_32f_C1R,Statistics,P1,yes,yes,done
nppiMeanStdDevGetBufferHostSize_32f_C1R_Ctx,Statistics,P1,yes,yes,done
nppiMeanStdDevGetBufferHostSize_8u_C1MR,Statistics,P1,yes,yes,done
nppiMeanStdDevGetBufferHostSize_8u_C1MR_Ctx,Statistics,P1,yes,yes,done
nppiMeanStdDevGetBufferHostSize_8u_C1R,Statistics,P1,yes,yes,done
nppiMeanStdDevGetBufferHostSize_8u_C1R_Ctx,Statistics,P1,yes,yes,done
nppiMean_StdDev_32f_C1MR,Statistics,P1,yes,yes,done
nppiMean_StdDev_32f_C1MR_Ctx,Statistics,P1,yes,yes,done
nppiMean_StdDev_32f_C1R,Statistics,P1,yes,yes,done
nppiMean_StdDev_32f_C1R_Ctx,Statistics,P1,yes,yes,done
nppiMean_StdDev_8u_C1MR,Statistics,P1,yes,yes,done
nppiMean_StdDev_8u_C1MR_Ctx,Statistics,P1,yes,yes,done
nppiMean_StdDev_8u_C1R,Statistics,P1,yes,yes,done
nppiMean_StdDev_8u_C1R_Ctx,Statistics,P1,yes,yes,done
nppiMirror_16u_C1IR,Geometry/Mirror,P1,no,no,implement
nppiMirror_16u_C1IR_Ctx,Geometry/Mirror,P1,no,no,implement
nppiMirror_16u_C1R,Geometry/Mirror,P1,no,no,implement
nppiMirror_16u_C1R_Ctx,Geometry/Mirror,P1,no,no,implement
nppiMirror_16u_C3IR,Geometry/Mirror,P1,no,no,implement
nppiMirror_16u_C3IR_Ctx,Geometry/Mirror,P1,no,no,implement
nppiMirror_16u_C3R,Geometry/Mirror,P1,no,no,implement
nppiMirror_16u_C3R_Ctx,Geometry/Mirror,P1,no,no,implement
nppiMirror_16u_C4IR,Geometry/Mirror,P1,no,no,implement
nppiMirror_16u_C4IR_Ctx,Geometry/Mirror,P1,no,no,implement
nppiMirror_16u_C4R,Geometry/Mirror,P1,no,no,implement
nppiMirror_16u_C4R_Ctx,Geometry/Mirror,P1,no,no,implement
nppiMirror_32f_C1IR,Geometry/Mirror,P1,no,no,implement
nppiMirror_32f_C1IR_Ctx,Geometry/Mirror,P1,no,no,implement
nppiMirror_32f_C1R,Geometry/Mirror,P1,no,no,implement
nppiMirror_32f_C1R_Ctx,Geometry/Mirror,P1,no,no,implement
nppiMirror_32f_C3IR,Geometry/Mirror,P1,no,no,implement
nppiMirror_32f_C3IR_Ctx,Geometry/Mirror,P1,no,no,implement
nppiMirror_32f_C3R,Geometry/Mirror,P1,no,no,implement
nppiMirror_32f_C3R_Ctx,Geometry/Mirror,P1,no,no,implement
nppiMirror_32f_C4IR,Geometry/Mirror,P1,no,no,implement
nppiMirror_32f_C4IR_Ctx,Geometry/Mirror,P1,no,no,implement
nppiMirror_32f_C4R,Geometry/Mirror,P1,no,no,implement
nppiMirror_32f_C4R_Ctx,Geometry/Mirror,P1,no,no,implement
nppiMirror_32s_C1IR,Geometry/Mirror,P1,no,no,implement
nppiMirror_32s_C1IR_Ctx,Geometry/Mirror,P1,no,no,implement
nppiMirror_32s_C1R,Geometry/Mirror,P1,no,no,implement
nppiMirror_32s_C1R_Ctx,Geometry/Mirror,P1,no,no,implement
nppiMirror_32s_C3IR,Geometry/Mirror,P1,no,no,implement
nppiMirror_32s_C3IR_Ctx,Geometry/Mirror,P1,no,no,implement
nppiMirror_32s_C3R,Geometry/Mirror,P1,no,no,implement
nppiMirror_32s_C3R_Ctx,Geometry/Mirror,P1,no,no,implement
nppiMirror_32s_C4IR,Geometry/Mirror,P1,no,no,implement
nppiMirror_32s_C4IR_Ctx,Geometry/Mirror,P1,no,no,implement
nppiMirror_32s_C4R,Geometry/Mirror,P1,no,no,implement
nppiMirror_32s_C4R_Ctx,Geometry/Mirror,P1,no,no,implement
nppiMirror_8u_C1IR,Geometry/Mirror,P1,no,no,implement
nppiMirror_8u_C1IR_Ctx,Geometry/Mirror,P1,no,no,implement
nppiMirror_8u_C1R,Geometry/Mirror,P1,yes,yes,done
nppiMirror_8u_C1R_Ctx,Geometry/Mirror,P1,yes,no,add_test
nppiMirror_8u_C3IR,Geometry/Mirror,P1,no,no,implement
nppiMirror_8u_C3IR_Ctx,Geometry/Mirror,P1,no,no,implement
nppiMirror_8u_C3R,Geometry/Mirror,P1,no,no,implement
nppiMirror_8u_C3R_Ctx,Geometry/Mirror,P1,no,no,implement
nppiMirror_8u_C4IR,Geometry/Mirror,P1,no,no,implement
nppiMirror_8u_C4IR_Ctx,Geometry/Mirror,P1,no,no,implement
nppiMirror_8u_C4R,Geometry/Mirror,P1,no,no,implement
nppiMirror_8u_C4R_Ctx,Geometry/Mirror,P1,no,no,implement
nppiOrC_16u_C3R,Other,P2,yes,no,add_test
nppiOrC_16u_C3R_Ctx,Other,P2,yes,no,add_test
nppiOrC_16u_C4R,Other,P2,yes,no,add_test
nppiOrC_16u_C4R_Ctx,Other,P2,yes,no,add_test
nppiOrC_32s_C3R,Other,P2,yes,no,add_test
nppiOrC_32s_C3R_Ctx,Other,P2,yes,no,add_test
nppiOrC_32s_C4R,Other,P2,yes,no,add_test
nppiOrC_32s_C4R_Ctx,Other,P2,yes,no,add_test
nppiOrC_8u_C3R,Other,P2,yes,no,add_test
nppiOrC_8u_C3R_Ctx,Other,P2,yes,no,add_test
nppiRShiftC_16s_C1R,Logical/Bitwise,P1,yes,yes,done
nppiRShiftC_16s_C1R_Ctx,Logical/Bitwise,P1,yes,no,add_test
nppiRShiftC_16s_C3R,Logical/Bitwise,P1,no,no,implement
nppiRShiftC_16s_C3R_Ctx,Logical/Bitwise,P1,yes,no,add_test
nppiRShiftC_16s_C4R,Logical/Bitwise,P1,no,no,implement
nppiRShiftC_16s_C4R_Ctx,Logical/Bitwise,P1,yes,no,add_test
nppiRShiftC_16u_C1R,Logical/Bitwise,P1,yes,no,add_test
nppiRShiftC_16u_C1R_Ctx,Logical/Bitwise,P1,yes,no,add_test
nppiRShiftC_16u_C3R,Logical/Bitwise,P1,no,no,implement
nppiRShiftC_16u_C3R_Ctx,Logical/Bitwise,P1,yes,no,add_test
nppiRShiftC_16u_C4R,Logical/Bitwise,P1,no,no,implement
nppiRShiftC_16u_C4R_Ctx,Logical/Bitwise,P1,yes,no,add_test
nppiRShiftC_32s_C1R,Logical/Bitwise,P1,yes,no,add_test
nppiRShiftC_32s_C1R_Ctx,Logical/Bitwise,P1,yes,no,add_test
nppiRShiftC_32s_C3R,Logical/Bitwise,P1,no,no,implement
nppiRShiftC_32s_C3R_Ctx,Logical/Bitwise,P1,yes,no,add_test
nppiRShiftC_32s_C4R,Logical/Bitwise,P1,no,no,implement
nppiRShiftC_32s_C4R_Ctx,Logical/Bitwise,P1,yes,no,add_test
nppiRShiftC_8s_C1R,Logical/Bitwise,P1,no,no,implement
nppiRShiftC_8s_C1R_Ctx,Logical/Bitwise,P1,no,no,implement
nppiRShiftC_8s_C3R,Logical/Bitwise,P1,no,no,implement
nppiRShiftC_8s_C3R_Ctx,Logical/Bitwise,P1,no,no,implement
nppiRShiftC_8s_C4R,Logical/Bitwise,P1,no,no,implement
nppiRShiftC_8s_C4R_Ctx,Logical/Bitwise,P1,no,no,implement
nppiRShiftC_8u_C1R,Logical/Bitwise,P1,yes,yes,done
nppiRShiftC_8u_C1R_Ctx,Logical/Bitwise,P1,yes,no,add_test
nppiRShiftC_8u_C3R,Logical/Bitwise,P1,no,no,implement
nppiRShiftC_8u_C3R_Ctx,Logical/Bitwise,P1,yes,no,add_test
nppiRShiftC_8u_C4R,Logical/Bitwise,P1,no,no,implement
nppiRShiftC_8u_C4R_Ctx,Logical/Bitwise,P1,yes,no,add_test
nppiRectStdDev_32s32f_C1R,Statistics,P1,no,no,implement
nppiRectStdDev_32s32f_C1R_Ctx,Statistics,P1,no,no,implement
nppiRotate_16u_C1R,Geometry/Rotate,P0,no,no,implement
nppiRotate_16u_C1R_Ctx,Geometry/Rotate,P0,no,no,implement
nppiRotate_16u_C3R,Geometry/Rotate,P0,no,no,implement
nppiRotate_16u_C3R_Ctx,Geometry/Rotate,P0,no,no,implement
nppiRotate_16u_C4R,Geometry/Rotate,P0,no,no,implement
nppiRotate_16u_C4R_Ctx,Geometry/Rotate,P0,no,no,implement
nppiRotate_32f_C1R,Geometry/Rotate,P0,yes,no,add_test
nppiRotate_32f_C1R_Ctx,Geometry/Rotate,P0,yes,yes,done
nppiRotate_32f_C3R,Geometry/Rotate,P0,no,no,implement
nppiRotate_32f_C3R_Ctx,Geometry/Rotate,P0,no,no,implement
nppiRotate_32f_C4R,Geometry/Rotate,P0,no,no,implement
nppiRotate_32f_C4R_Ctx,Geometry/Rotate,P0,no,no,implement
nppiRotate_8u_C1R,Geometry/Rotate,P0,yes,no,add_test
nppiRotate_8u_C1R_Ctx,Geometry/Rotate,P0,yes,yes,done
nppiRotate_8u_C3R,Geometry/Rotate,P0,yes,no,add_test
nppiRotate_8u_C3R_Ctx,Geometry/Rotate,P0,yes,yes,done
nppiRotate_8u_C4R,Geometry/Rotate,P0,no,no,implement
nppiRotate_8u_C4R_Ctx,Geometry/Rotate,P0,no,no,implement
nppiStDecimate_,Legacy,P3,no,no,implement
nppiStDecimate_32f_C1R,Legacy,P3,no,no,implement
nppiStDecimate_32f_C1R_host,Legacy,P3,no,no,implement
nppiStDecimate_32s_C1R,Legacy,P3,no,no,implement
nppiStDecimate_32s_C1R_host,Legacy,P3,no,no,implement
nppiStDecimate_32u_C1R,Legacy,P3,no,no,implement
nppiStDecimate_32u_C1R_host,Legacy,P3,no,no,implement
nppiStDecimate_64f_C1R,Legacy,P3,no,no,implement
nppiStDecimate_64f_C1R_host,Legacy,P3,no,no,implement
nppiStDecimate_64s_C1R,Legacy,P3,no,no,implement
nppiStDecimate_64s_C1R_host,Legacy,P3,no,no,implement
nppiStDecimate_64u_C1R,Legacy,P3,no,no,implement
nppiStDecimate_64u_C1R_host,Legacy,P3,no,no,implement
nppiStFilterColumnBorder_32f_C1R,Legacy,P3,no,no,implement
nppiStFilterRowBorder_32f_C1R,Legacy,P3,no,no,implement
nppiStIntegralGetSize_32f32f,Integral,P1,no,no,implement
nppiStIntegralGetSize_8u32u,Integral,P1,no,no,implement
nppiStIntegral_32f32f_C1R,Integral,P1,no,no,implement
nppiStIntegral_32f32f_C1R_host,Integral,P1,no,no,implement
nppiStIntegral_8u32u_C1R,Integral,P1,no,no,implement
nppiStIntegral_8u32u_C1R_host,Integral,P1,no,no,implement
nppiStRectStdDev_32f_C1R,Statistics,P1,no,no,implement
nppiStRectStdDev_32f_C1R_host,Statistics,P1,no,no,implement
nppiStResize_32f_C1R,Geometry/Resize,P0,no,no,implement
nppiStSqrIntegralGetSize_8u64u,Integral,P1,no,no,implement
nppiStSqrIntegral_8u64u_C1R,Integral,P1,no,no,implement
nppiStSqrIntegral_8u64u_C1R_host,Integral,P1,no,no,implement
nppiStTranspose_,Transpose,P1,no,no,implement
nppiStTranspose_128_C1R,Transpose,P1,no,no,implement
nppiStTranspose_128_C1R_host,Transpose,P1,no,no,implement
nppiStTranspose_32f_C1R,Transpose,P1,no,no,implement
nppiStTranspose_32f_C1R_host,Transpose,P1,no,no,implement
nppiStTranspose_32s_C1R,Transpose,P1,no,no,implement
nppiStTranspose_32s_C1R_host,Transpose,P1,no,no,implement
nppiStTranspose_32u_C1R,Transpose,P1,no,no,implement
nppiStTranspose_32u_C1R_host,Transpose,P1,no,no,implement
nppiStTranspose_64f_C1R,Transpose,P1,no,no,implement
nppiStTranspose_64f_C1R_host,Transpose,P1,no,no,implement
nppiStTranspose_64s_C1R,Transpose,P1,no,no,implement
nppiStTranspose_64s_C1R_host,Transpose,P1,no,no,implement
nppiStTranspose_64u_C1R,Transpose,P1,no,no,implement
nppiStTranspose_64u_C1R_host,Transpose,P1,no,no,implement
nppiStVectorWarp_PSF1x1_32f_C1,Legacy,P3,no,no,implement
nppiStVectorWarp_PSF2x2_32f_C1,Legacy,P3,no,no,implement
nppiSumWindowColumn_8u32f_C1R,Integral,P1,no,no,implement
nppiSumWindowColumn_8u32f_C1R_Ctx,Integral,P1,no,no,implement
nppiSumWindowRow_8u32f_C1R,Integral,P1,no,no,implement
nppiSumWindowRow_8u32f_C1R_Ctx,Integral,P1,no,no,implement
nppiSwapChannels_8u_C4IR,Color/Gamma,P1,no,no,implement
nppiSwapChannels_8u_C4IR_Ctx,Color/Gamma,P1,no,no,implement
nppiThreshold_32f_C1R,Threshold,P0,yes,yes,done
nppiThreshold_32f_C1R_Ctx,Threshold,P0,yes,yes,done
nppiTranspose_8u_C1R,Transpose,P1,yes,yes,done
nppiTranspose_8u_C1R_Ctx,Transpose,P1,yes,no,add_test
nppiWarpAffineBack_16u_C1R,Geometry/Warp,P0,no,no,implement
nppiWarpAffineBack_16u_C1R_Ctx,Geometry/Warp,P0,no,no,implement
nppiWarpAffineBack_16u_C3R,Geometry/Warp,P0,no,no,implement
nppiWarpAffineBack_16u_C3R_Ctx,Geometry/Warp,P0,no,no,implement
nppiWarpAffineBack_16u_C4R,Geometry/Warp,P0,no,no,implement
nppiWarpAffineBack_16u_C4R_Ctx,Geometry/Warp,P0,no,no,implement
nppiWarpAffineBack_32f_C1R,Geometry/Warp,P0,no,no,implement
nppiWarpAffineBack_32f_C1R_Ctx,Geometry/Warp,P0,no,no,implement
nppiWarpAffineBack_32f_C3R,Geometry/Warp,P0,no,no,implement
nppiWarpAffineBack_32f_C3R_Ctx,Geometry/Warp,P0,no,no,implement
nppiWarpAffineBack_32f_C4R,Geometry/Warp,P0,no,no,implement
nppiWarpAffineBack_32f_C4R_Ctx,Geometry/Warp,P0,no,no,implement
nppiWarpAffineBack_32s_C1R,Geometry/Warp,P0,no,no,implement
nppiWarpAffineBack_32s_C1R_Ctx,Geometry/Warp,P0,no,no,implement
nppiWarpAffineBack_32s_C3R,Geometry/Warp,P0,no,no,implement
nppiWarpAffineBack_32s_C3R_Ctx,Geometry/Warp,P0,no,no,implement
nppiWarpAffineBack_32s_C4R,Geometry/Warp,P0,no,no,implement
nppiWarpAffineBack_32s_C4R_Ctx,Geometry/Warp,P0,no,no,implement
nppiWarpAffineBack_8u_C1R,Geometry/Warp,P0,no,no,implement
nppiWarpAffineBack_8u_C1R_Ctx,Geometry/Warp,P0,no,no,implement
nppiWarpAffineBack_8u_C3R,Geometry/Warp,P0,no,no,implement
nppiWarpAffineBack_8u_C3R_Ctx,Geometry/Warp,P0,no,no,implement
nppiWarpAffineBack_8u_C4R,Geometry/Warp,P0,no,no,implement
nppiWarpAffineBack_8u_C4R_Ctx,Geometry/Warp,P0,no,no,implement
nppiWarpAffine_16u_C1R,Geometry/Warp,P0,no,no,implement
nppiWarpAffine_16u_C1R_Ctx,Geometry/Warp,P0,no,no,implement
nppiWarpAffine_16u_C3R,Geometry/Warp,P0,no,no,implement
nppiWarpAffine_16u_C3R_Ctx,Geometry/Warp,P0,no,no,implement
nppiWarpAffine_16u_C4R,Geometry/Warp,P0,no,no,implement
nppiWarpAffine_16u_C4R_Ctx,Geometry/Warp,P0,no,no,implement
nppiWarpAffine_32f_C1R,Geometry/Warp,P0,yes,yes,done
nppiWarpAffine_32f_C1R_Ctx,Geometry/Warp,P0,yes,yes,done
nppiWarpAffine_32f_C3R,Geometry/Warp,P0,no,no,implement
nppiWarpAffine_32f_C3R_Ctx,Geometry/Warp,P0,no,no,implement
nppiWarpAffine_32f_C4R,Geometry/Warp,P0,no,no,implement
nppiWarpAffine_32f_C4R_Ctx,Geometry/Warp,P0,no,no,implement
nppiWarpAffine_32s_C1R,Geometry/Warp,P0,no,no,implement
nppiWarpAffine_32s_C1R_Ctx,Geometry/Warp,P0,no,no,implement
nppiWarpAffine_32s_C3R,Geometry/Warp,P0,no,no,implement
nppiWarpAffine_32s_C3R_Ctx,Geometry/Warp,P0,no,no,implement
nppiWarpAffine_32s_C4R,Geometry/Warp,P0,no,no,implement
nppiWarpAffine_32s_C4R_Ctx,Geometry/Warp,P0,no,no,implement
nppiWarpAffine_8u_C1R,Geometry/Warp,P0,yes,yes,done
nppiWarpAffine_8u_C1R_Ctx,Geometry/Warp,P0,yes,no,add_test
nppiWarpAffine_8u_C3R,Geometry/Warp,P0,yes,yes,done
nppiWarpAffine_8u_C3R_Ctx,Geometry/Warp,P0,yes,no,add_test
nppiWarpAffine_8u_C4R,Geometry/Warp,P0,no,no,implement
nppiWarpAffine_8u_C4R_Ctx,Geometry/Warp,P0,no,no,implement
nppiWarpPerspectiveBack_16u_C1R,Geometry/Warp,P0,no,no,implement
nppiWarpPerspectiveBack_16u_C1R_Ctx,Geometry/Warp,P0,no,no,implement
nppiWarpPerspectiveBack_16u_C3R,Geometry/Warp,P0,no,no,implement
nppiWarpPerspectiveBack_16u_C3R_Ctx,Geometry/Warp,P0,no,no,implement
nppiWarpPerspectiveBack_16u_C4R,Geometry/Warp,P0,no,no,implement
nppiWarpPerspectiveBack_16u_C4R_Ctx,Geometry/Warp,P0,no,no,implement
nppiWarpPerspectiveBack_32f_C1R,Geometry/Warp,P0,no,no,implement
nppiWarpPerspectiveBack_32f_C1R_Ctx,Geometry/Warp,P0,no,no,implement
nppiWarpPerspectiveBack_32f_C3R,Geometry/Warp,P0,no,no,implement
nppiWarpPerspectiveBack_32f_C3R_Ctx,Geometry/Warp,P0,no,no,implement
nppiWarpPerspectiveBack_32f_C4R,Geometry/Warp,P0,no,no,implement
nppiWarpPerspectiveBack_32f_C4R_Ctx,Geometry/Warp,P0,no,no,implement
nppiWarpPerspectiveBack_32s_C1R,Geometry/Warp,P0,no,no,implement
nppiWarpPerspectiveBack_32s_C1R_Ctx,Geometry/Warp,P0,no,no,implement
nppiWarpPerspectiveBack_32s_C3R,Geometry/Warp,P0,no,no,implement
nppiWarpPerspectiveBack_32s_C3R_Ctx,Geometry/Warp,P0,no,no,implement
nppiWarpPerspectiveBack_32s_C4R,Geometry/Warp,P0,no,no,implement
nppiWarpPerspectiveBack_32s_C4R_Ctx,Geometry/Warp,P0,no,no,implement
nppiWarpPerspectiveBack_8u_C1R,Geometry/Warp,P0,no,no,implement
nppiWarpPerspectiveBack_8u_C1R_Ctx,Geometry/Warp,P0,no,no,implement
nppiWarpPerspectiveBack_8u_C3R,Geometry/Warp,P0,no,no,implement
nppiWarpPerspectiveBack_8u_C3R_Ctx,Geometry/Warp,P0,no,no,implement
nppiWarpPerspectiveBack_8u_C4R,Geometry/Warp,P0,no,no,implement
nppiWarpPerspectiveBack_8u_C4R_Ctx,Geometry/Warp,P0,no,no,implement
nppiWarpPerspective_16u_C1R,Geometry/Warp,P0,no,no,implement
nppiWarpPerspective_16u_C1R_Ctx,Geometry/Warp,P0,no,no,implement
nppiWarpPerspective_16u_C3R,Geometry/Warp,P0,no,no,implement
nppiWarpPerspective_16u_C3R_Ctx,Geometry/Warp,P0,no,no,implement
nppiWarpPerspective_16u_C4R,Geometry/Warp,P0,no,no,implement
nppiWarpPerspective_16u_C4R_Ctx,Geometry/Warp,P0,no,no,implement
nppiWarpPerspective_32f_C1R,Geometry/Warp,P0,yes,yes,done
nppiWarpPerspective_32f_C1R_Ctx,Geometry/Warp,P0,yes,no,add_test
nppiWarpPerspective_32f_C3R,Geometry/Warp,P0,no,no,implement
nppiWarpPerspective_32f_C3R_Ctx,Geometry/Warp,P0,no,no,implement
nppiWarpPerspective_32f_C4R,Geometry/Warp,P0,no,no,implement
nppiWarpPerspective_32f_C4R_Ctx,Geometry/Warp,P0,no,no,implement
nppiWarpPerspective_32s_C1R,Geometry/Warp,P0,no,no,implement
nppiWarpPerspective_32s_C1R_Ctx,Geometry/Warp,P0,no,no,implement
nppiWarpPerspective_32s_C3R,Geometry/Warp,P0,no,no,implement
nppiWarpPerspective_32s_C3R_Ctx,Geometry/Warp,P0,no,no,implement
nppiWarpPerspective_32s_C4R,Geometry/Warp,P0,no,no,implement
nppiWarpPerspective_32s_C4R_Ctx,Geometry/Warp,P0,no,no,implement
nppiWarpPerspective_8u_C1R,Geometry/Warp,P0,yes,yes,done
nppiWarpPerspective_8u_C1R_Ctx,Geometry/Warp,P0,yes,yes,done
nppiWarpPerspective_8u_C3R,Geometry/Warp,P0,yes,yes,done
nppiWarpPerspective_8u_C3R_Ctx,Geometry/Warp,P0,yes,no,add_test
nppiWarpPerspective_8u_C4R,Geometry/Warp,P0,no,no,implement
nppiWarpPerspective_8u_C4R_Ctx,Geometry/Warp,P0,no,no,implement
nppiXorC_16u_C3R,Logical/Bitwise,P1,yes,no,add_test
nppiXorC_16u_C3R_Ctx,Logical/Bitwise,P1,yes,no,add_test
nppiXorC_16u_C4R,Logical/Bitwise,P1,yes,no,add_test
nppiXorC_16u_C4R_Ctx,Logical/Bitwise,P1,yes,no,add_test
nppiXorC_32s_C3R,Logical/Bitwise,P1,yes,no,add_test
nppiXorC_32s_C3R_Ctx,Logical/Bitwise,P1,yes,no,add_test
nppiXorC_32s_C4R,Logical/Bitwise,P1,yes,no,add_test
nppiXorC_32s_C4R_Ctx,Logical/Bitwise,P1,yes,no,add_test
nppiXorC_8u_C3R,Logical/Bitwise,P1,yes,yes,done
nppiXorC_8u_C3R_Ctx,Logical/Bitwise,P1,yes,no,add_test
